1	Figurar		RAE.	aleatoria	Imitar algo dentro de una ficción determinada. Los personajes figuran estar yéndose.	No correcta
1	Respetado		RAE.	aleatoria	Tener respeto, veneración, acatamiento.	Correcta
1	Especialmente		RAE.	easier	De manera especial	Correcta
1	Identificar		RAE.	easier	Dar los datos personales necesarios para ser reconocido.	Correcta
1	Incluya		RAE.	aleatoria	Poner algo o a alguien dentro de una cosa o de un conjunto, o dentro de sus límites.	Correcta
1	Reside		RAE.	aleatoria	Estar establecido en un lugar.	Correcta
2	Remitido		RAE.	aleatoria	Artículo o noticia cuya publicación interesa a un particular y que a petición de este se inserta en un periódico mediante pago. Suele llevar al final una R.	No correcta*
2	Analizado		RAE.	aleatoria	Someter algo a un análisis. Analizar un problema, un producto.	Correcta
2	Consideren		RAE.	aleatoria	Pensar sobre algo analizándolo con atención. Considera el asunto en todos sus aspectos.	Correcta
2	Diferenciar		EASY	easier	Señalar las cosas que hacen que una persona o cosa no sea igual a otra. 	Correcta
2	Científicamente		RAE.	aleatoria	Desde el punto de vista científico. Científicamente, esa afirmación no se sostiene.	Correcta
2	Evidencia		RAE.	easier	Certeza clara y manifiesta de la que no se puede dudar. La evidencia de la derrota lo dejó aturdido.	Correcta
2	Avale		RAE.	aleatoria	Garantizar por medio de aval.	Correcta
2	Influye		RAE.	easier	Contribuir con más o menos eficacia al éxito de un negocio.	No correcta
2	Directamente		RAE.	easier	De un modo directo.	Correcta
2	 Inciden		EASY	aleatoria	Hecho o suceso poco importante, pero que afecta a la normalidad de las cosas.	No correcta
2	Contempla		EASY	aleatoria	Mirar algo o a alguien con calma y atención. 	No correcta
2	Presentaron		RAE.	aleatoria	Hacer manifestación de algo, ponerlo en la presencia de alguien.	Correcta
2	 Analizadas		RAE.	aleatoria	Someter algo a un análisis. Analizar un problema, un producto.	Correcta
2	Suficientemente		RAE.	aleatoria	De un modo suficiente.	Correcta
2	Sirviera		RAE.	aleatoria	Estar al servicio de alguien.	No correcta
2	Clasificaron		RAE.	aleatoria	Ordenar o disponer por clases algo.	Correcta
2	Localizaron		RAE.	aleatoria	Fijar, encerrar en límites determinados.	Correcta
2	Iniciado		RAE.	aleatoria	Dicho de una persona: Que comparte el conocimiento de algo reservado a un grupo limitado.	No correcta
2	Oficialmente		RAE.	aleatoria	Con carácter oficial.	Correcta
2	Reforzar		RAE.	aleatoria	Engrosar o añadir nuevas fuerzas o fomento a algo.	Correcta
2	Incorporar		RAE.	aleatoria	Unir una persona o una cosa a otra u otras para que haga un todo con ellas.	Correcta
2	Desarrollando		RAE.	aleatoria	Aumentar o reforzar algo de orden físico, intelectual o moral. Desarrollar la musculatura, la memoria.	Correcta
2	Modifique		RAE.	aleatoria	Transformar o cambiar algo mudando alguna de sus características.	Correcta
3	Concretar		RAE.	aleatoria	Hacer concreto algo.	Correcta
3	Inaugurado		RAE.	aleatoria	Dar principio a una cosa con cierta solemnidad.	Correcta
3	Asegurado		RAE.	aleatoria	Protegido de las consecuencias de un riesgo mediante un seguro. o a entidad, u.	No correcta
3	Contribuye		RAE.	aleatoria	Dicho de una persona: Dar o pagar la cuota que le cabe por un impuesto o repartimiento.	No correcta
3	Manifestado		RAE.	aleatoria	Declarar, dar a conocer.	Correcta
3	Desbloquee		RAE.	aleatoria	Levantar o eliminar el bloqueo.	Correcta
3	Explicado		RAE.	easier	Declarar o exponer cualquier materia, doctrina o texto difícil, con palabras muy claras para hacerlos más perceptibles.	Correcta
3	Involucremos		RAE.	aleatoria	Abarcar, incluir, comprender.	Correcta
3	Continuarán		RAE.	aleatoria	Seguir haciendo lo comenzado.	Correcta
3	Tendiendo		RAE.	aleatoria	Desdoblar, extender o desplegar lo que está cogido, doblado, arrugado o amontonado.	No correcta
3	Señalado		RAE.	aleatoria	Insigne, famoso.	No correcta
3	Visibilizar		EASY	aleatoria	Hacer algo visible o fácil de ver. 	Correcta
3	Concienciar		EASY	aleatoria	Hacer que las personas sean conscientes de problemas sociales, políticos o económicos, por ejemplo. 	Correcta
3	Orientadas		RAE.	easier	Designar en un mapa, por medio de una flecha u otro signo, el punto septentrional, para que se venga en conocimiento de la situación de los objetos que comprende.	No correcta
3	Paliar		RAE.	easier	Mitigar la violencia de ciertas enfermedades.	Correcta
3	Destacado		RAE.	aleatoria	Hacerse notar, ser más visible algo o alguien por alguna característica.	Correcta
3	Seleccionar		RAE.	aleatoria	Elegir, escoger por medio de una selección.	Correcta
3	Coincidido		RAE.	easier	Dicho de dos o más cosas: Ocurrir a un mismo tiempo, convenir en el modo, ocasión u otras circunstancias.	No correcta
3	Cuente		RAE.	aleatoria	Numerar o computar las cosas considerándolas como unidades homogéneas. Contar los días, las ovejas.	No correcta
3	Reivindicado		RAE.	aleatoria	Reclamar algo a lo que se tiene derecho. 	Correcta
3	Verdaderamente		RAE.	aleatoria	Con toda verdad o con verdad.	Correcta
3	Comunicarse		RAE.	easier	Descubrir, manifestar o hacer saber a alguien algo.	No correcta
3	Concluido		RAE.	aleatoria	Acabar o finalizar algo. Concluí mi exposición. Medidas para concluir con el exceso de velocidad en carretera.	Correcta
4	Millones		RAE.	easier	Servicio que los reinos tenían concedido al rey sobre el consumo de determinados productos, que se renovaba de seis en seis años.	No correcta
4	Soledad		EASY	aleatoria	Falta de compañía. Ejemplo de uso: Hice el camino en soledad.	Correcta
4	Impuesta		RAE.	aleatoria	Cuba y Méx. acostumbrado (‖ que tiene determinadas costumbres).	No correcta
4	Circunstancias		RAE.	aleatoria	Accidente de tiempo, lugar, modo, etc., que está unido a la sustancia de algún hecho o dicho.	Correcta
4	Patente		RAE.	easier	Comida o refresco que, por costumbre, hacen pagar los más antiguos a quien entra de nuevo en un empleo u ocupación.	No correcta
4	Asociadas		RAE.	easier	Unirse con otras personas para hacer algo con ellas. Ejemplo de uso: Luis se asoció con sus compañeros para conseguir que les subieran el sueldo.	No correcta
4	Reencuentro		RAE.	aleatoria	Acción y efecto de reencontrar.	Correcta
4	Abundancia		RAE.	aleatoria	Gran cantidad.	Correcta
4	Queridos		RAE.	easier	, antepuesto a un nombre, como fórmula de cortesía para dirigirse a una persona de manera cordial o afectuosa, oralmente o por escrito. No, mi querido amigo. Queridos hijos.	No correcta
4	Reciprocidad		RAE.	easier	Cualidad de recíproco ([UNK] que tiene como antecedente otros argumentos del mismo predicado).	No correcta
4	Frecuentes		RAE.	aleatoria	Repetido a menudo.	Correcta
4	Sorprendente		RAE.	aleatoria	Que sorprende o admira.	Correcta
4	Disfrutan		EASY	aleatoria	Estar feliz o sentir placer al hacer algo o estar en alguna situación. Ejemplo de uso: Alberto disfruta cuando está en la playa.	Correcta
4	Demasía		RAE.	easier	Terreno franco, pero no adecuado para libre concesión por su insignificancia o irregularidad, comprendido entre dos o más minas, a las cuales se debe adjudicar como complemento, por derecho preferente.	No correcta
4	Trasnochar		RAE.	aleatoria	Dicho de una persona: Pasar la noche, o gran parte de ella, velando o sin dormir.	Correcta
4	Comprobado		RAE.	aleatoria	Confirmar la veracidad o exactitud de algo.	Correcta
4	Pensamiento		RAE.	easier	Conjunto de ideas propias de una persona, de una colectividad o de una época.	No correcta
4	Incrementa		EASY	aleatoria	Crecer o hacer que una cosa aumente o crezca. Ejemplo de uso: Tenemos que incrementar las horas de trabajo.	Correcta
4	Psíquicas		RAE.	aleatoria	Perteneciente o relativo a las funciones y contenidos psicológicos.	Correcta
4	Redunda		RAE.	aleatoria	Dicho especialmente de un líquido: Rebosar, salirse de sus límites o bordes por demasiada abundancia.	No correcta
4	Comunicación		RAE.	easier	Trato, correspondencia entre dos o más personas.	Correcta
4	Asocia		EASY	easier	Relacionar ideas o cosas que tienen algo en común. Ejemplo de uso: Luis tiene que asociar cada palabra con su dibujo.	Correcta
4	Reencuentros		RAE.	aleatoria	Acción y efecto de reencontrar.	Correcta
4	Celebraciones		RAE.	aleatoria	Acción de celebrar.	Correcta
4	Multitudinarias		RAE.	aleatoria	Que forma multitud.	Correcta
4	Sorprendido		RAE.	aleatoria	Pillar desprevenido.	Correcta
4	Agradece		RAE.	aleatoria	Sentir gratitud.	Correcta
4	Alternativos		RAE.	aleatoria	Que se dice, hace o sucede con alternación.	Correcta
4	Ilusionante		RAE.	aleatoria	Que produce ilusión (‖ esperanza cuyo cumplimiento parece atractivo).	Correcta
4	Concierto		RAE.	aleatoria	Buen orden y disposición de las cosas.	No correcta
4	Conductor		RAE.	aleatoria	Que conduce.	Correcta
4	Horizonte		RAE.	aleatoria	Límite visual de la superficie terrestre, donde parecen juntarse el cielo y la tierra.	No correcta
4	Creyente		RAE.	aleatoria	Que cree. Especialmente a quien profesa determinada fe religiosa.	Correcta
4	Cristiano		RAE.	aleatoria	Perteneciente o relativo a la religión de Cristo.	Correcta
4	Religioso		RAE.	aleatoria	Perteneciente o relativo a la religión. Creencia religiosa.	Correcta
4	Paradores		RAE.	aleatoria	Que para o se para.	No correcta
4	Prefiera		RAE.	aleatoria	Dar la preferencia.	Correcta
4	Estímulos		RAE.	aleatoria	Agente físico, químico, mecánico, etc., que desencadena una reacción funcional en un organismo.	No correcta
4	Demostrado		RAE.	aleatoria	Manifestar, declarar.	No correcta
4	Depresión		RAE.	aleatoria	Acción y efecto de deprimir o deprimirse.	Correcta
4	Yernos		RAE.	aleatoria	Cónyuge masculino de la hija o del hijo de una persona.	Correcta
4	Nueras		RAE.	aleatoria	Cónyuge femenino del hijo o de la hija de una persona.	Correcta
4	Cuñados		RAE.	easier	, El Salv., Perú, P. Rico, R. como fórmula de tratamiento afectivo para dirigirse a los amigos.	No correcta
4	Conserva		RAE.	aleatoria	Guardar, mantener, tener una cosa cuidada a lo largo del tiempo. Ejemplo de uso: Luis conservó las fotos de su abuela durante toda su vida.	Correcta
4	Sociable		RAE.	aleatoria	Naturalmente inclinado al trato y relación con las personas o que gusta de ello.	Correcta
4	Longevidad		RAE.	aleatoria	Cualidad de longevo.	Correcta
4	Merienda		EASY	aleatoria	Comida ligera que se toma a media tarde, entre la comida y la cena. Ejemplo de uso: Mi hijo merienda un bocadillo de chorizo y una pieza de fruta.	Correcta
4	Sobrinos		RAE.	aleatoria	Hijo del hermano de una persona.	Correcta
4	Establecimientos		RAE.	easier	Hora en que sucede la pleamar, el día de la conjunción u oposición de la Luna respecto de cada lugar.	No correcta
4	Navideñas		RAE.	aleatoria	Perteneciente o relativo al tiempo de Navidad.	Correcta
4	Acompañado		RAE.	aleatoria	Que vive amancebado.	No correcta
4	Crucero		RAE.	aleatoria	encrucijada (‖ lugar donde se cruzan calles o caminos).	No correcta
4	Aumentan		RAE.	aleatoria	Dar mayor extensión, número o materia a algo.	Correcta
4	Contrataciones		RAE.	aleatoria	Acción y efecto de contratar.	Correcta
4	Conocimiento		RAE.	easier	Conocido ( [UNK] persona con quien se tiene algún trato, pero no amistad ).	No correcta
4	Relacionarse		RAE.	aleatoria	Hacer relación de un hecho.	No correcta
4	Estancia		RAE.	easier	Estrofa formada por más de seis versos endecasílabos y heptasílabos que riman en consonante al arbitrio del poeta, y cuya estructura se repite a lo largo del poema.	No correcta
4	Preocuparse		RAE.	easier	Estar pendiente de algo o de alguien y hacer lo necesario para que estén bien o en buenas condiciones. Ejemplo de uso: Alicia se preocupa de que sus huéspedes tengan todo lo que necesitan para sentirse como en casa.	Correcta
4	Normalmente		RAE.	aleatoria	De manera normal.	Correcta
4	Organizaciones		EASY	aleatoria	Organización que trabaja para que todas las personas del mundo tengan la mejor salud que puedan. Esta organización nació en 1948. Entre sus objetivos están, por ejemplo, la desaparición de enfermedades, la prevención de contagios y muchos más. Ejemplo de uso: La Organización Mundial de la Salud colabora con los gobiernos de los países para que mejoren la salud de la población.	No correcta
4	Voluntarios		EASY	aleatoria	Persona que presta servicios o hace trabajos gratis por su propia voluntad, sin estar obligada. Ejemplo de uso: Luis es voluntario en una residencia de personas mayores. Va a leer libros a un grupo de personas que son ciegas.	Correcta
4	Necesitadas		RAE.	aleatoria	Tener necesidad de alguien o algo. Necesita de cuidados.	Correcta
4	Impagable		RAE.	easier	Que no se puede pagar.	Correcta
4	Satisfecho		RAE.	aleatoria	presumido (‖ vano, orgulloso).	No correcta
4	Voluntarias		EASY	aleatoria	Persona que presta servicios o hace trabajos gratis por su propia voluntad, sin estar obligada. Ejemplo de uso: Luis es voluntario en una residencia de personas mayores. Va a leer libros a un grupo de personas que son ciegas.	Correcta
4	Voluntariado		RAE.	easier	Conjunto de los soldados voluntarios.	No correcta
4	Beneficiarse		RAE.	aleatoria	Hacer bien a alguien o a algo.	Correcta
4	Publicitario		RAE.	aleatoria	Perteneciente o relativo a la publicidad utilizada con fines comerciales.	Correcta
4	Sordos		RAE.	aleatoria	Que tiene una pérdida de audición total o parcial. Ejemplo de uso: Álvaro tiene un niño que es sordo. Le van a poner un implante coclear para que pueda oír.	Correcta
4	Nochebuena		RAE.	easier	Noche de la vigilia de Navidad.	Correcta
4	Nochevieja		RAE.	easier	[UNK] noche del año.	Correcta
4	Desgracia		RAE.	aleatoria	Situación de quien sufre un suceso doloroso. Me consuelo en la desgracia.	Correcta
4	Extraordinario		RAE.	aleatoria	Fuera del orden o regla natural o común.	Correcta
4	Capricho		RAE.	aleatoria	Determinación que se toma arbitrariamente, inspirada por un antojo, por humor o por deleite en lo extravagante y original.	Correcta
4	Película		RAE.	easier	Capa delgada que se forma sobre algunas cosas o las recubre.	No correcta
4	Extra		RAE.	aleatoria	extraordinario (‖ añadido a lo ordinario). Un gasto extra.	No correcta
4	Bizcocho		RAE.	aleatoria	Dulce blando y esponjoso, hecho generalmente con harina, huevos y azúcar, que se cuece en el horno.	Correcta
4	Decoración		RAE.	aleatoria	Acción y efecto de decorar1.	Correcta
4	Festiva		RAE.	aleatoria	Perteneciente o relativo a la fiesta. Preparativos festivos.	Correcta
4	Felicitaciones		RAE.	aleatoria	Acción y efecto de felicitar.	No correcta
4	Tejer		RAE.	easier	Discurrir, idear un plan.	No correcta
4	Jersey		RAE.	aleatoria	Prenda de vestir con mangas y que cubre desde el cuello hasta la cintura o más abajo. Ejemplo de uso: Luis se puso un jersey porque empezaba a hacer frío.	Correcta
4	Semillas		RAE.	aleatoria	Parte del fruto de las fanerógamas, que contiene el embrión de una futura planta, protegido por una testa, derivada de los tegumentos del primordio seminal.	Correcta
4	Conversaciones		RAE.	aleatoria	Acción y efecto de hablar familiarmente una o varias personas con otra u otras.	Correcta
4	Gratuitas		EASY	aleatoria	Que no cuesta dinero. Ejemplo de uso: Ayer me llamó Tomás para pedirme que le hiciera un favor y se lo hice de forma gratuita y desinteresada.	Correcta
4	Esforzarse		RAE.	aleatoria	Dar o comunicar fuerza o vigor.	No correcta
4	Proporciona		RAE.	aleatoria	Disponer y ordenar algo con la debida correspondencia en sus partes.	No correcta
4	Virtualmente		RAE.	aleatoria	De un modo virtual, en potencia, con frecuencia opuesto a actual o efectivamente.	Correcta
4	Detesta		RAE.	aleatoria	aborrecer (‖ tener aversión).	Correcta
4	Manifiesto		RAE.	aleatoria	Descubierto, patente, claro.	Correcta
4	Personaje		RAE.	aleatoria	Persona de distinción, calidad o representación en la vida pública.	No correcta
4	Arruinar		RAE.	aleatoria	Causar ruina.	Correcta
4	Navideña		RAE.	aleatoria	Perteneciente o relativo al tiempo de Navidad.	Correcta
4	Dramatizar		RAE.	aleatoria	Dar forma y condiciones dramáticas.	No correcta
4	Resignación		RAE.	aleatoria	Entrega voluntaria que alguien hace de sí poniéndose en las manos y voluntad de otra persona.	No correcta
4	Talante		RAE.	aleatoria	Modo o manera de ejecutar algo.	Correcta
4	Inamovible		RAE.	easier	Que es imposible de mover o cambiar. Ejemplo de uso: Mi decisión es inamovible: no voy a cambiar de opinión.	Correcta
4	Amistades		RAE.	aleatoria	Sentimiento y relación de confianza, simpatía y afecto entre las personas. Este sentimiento suele aumentar con el paso del tiempo. Ejemplo de uso: María y Juan tienen una buena amistad desde hace mucho tiempo.	Correcta
4	Afectos		RAE.	aleatoria	Inclinado a alguien o algo.	No correcta
4	Contactos		RAE.	aleatoria	Acción y efecto de tocarse dos o más cosas.	No correcta
4	Sentimientos		EASY	aleatoria	Permiso para hacer algo. Ejemplo de uso: Los menores de edad necesitan el consentimiento de los padres para ir de excursión.	No correcta
4	Encerrarse		RAE.	easier	No manifestar sus sentimientos.	No correcta
4	Alegrarse		RAE.	easier	Alijar o aliviar una embarcación para que no trabaje mucho por causa de la mar.	No correcta
4	Iniciativa		RAE.	aleatoria	Propuesta o decisión que da alguien para hacer algo. Ejemplo de uso: Marta tuvo la iniciativa de pintar las paredes de su casa.	Correcta
5	Ministra		RAE.	easier	Cada uno de los ministros que componían el tribunal de la Tabla del Consejo.	No correcta
5	Bienestar		RAE.	aleatoria	Situación en la que vive una persona que tiene lo que necesita para cubrir sus necesidades. Ejemplo de uso: Para alcanzar el bienestar necesito un empleo y un lugar para vivir.	Correcta
5	Anunciado		RAE.	aleatoria	"Dar noticia o aviso de algo; publicar, proclamar, hacer saber."	Correcta
5	Participará		RAE.	aleatoria	Dicho de una persona: Tomar parte en algo.	Correcta
5	Internacional		RAE.	aleatoria	Perteneciente o relativo a dos o más naciones.	Correcta
5	Crónicas		RAE.	aleatoria	Dicho de una enfermedad: larga.	Correcta
5	Promovida		EASY	aleatoria	Impulsar una actividad o el logro de algo. Ejemplo de uso: El Gobierno promueve una campaña para que todas las personas mayores estén vacunadas contra la gripe.	Correcta
5	Participación		EASY	aleatoria	Intervención en una actividad o en una conversación. 	Correcta
5	Integración		EASY	aleatoria	Incorporación a un grupo. Para que exista integración real hay que olvidar los prejuicios. Ejemplo de uso: Varios alumnos extranjeros han tenido problemas de integración en el colegio.	Correcta
5	Perspectiva		EASY	aleatoria	Técnica para dibujar objetos que dan la sensación de que tienen profundidad o volumen. Ejemplo de uso: La perspectiva del dibujo del edificio es increíble. Podemos imaginarnos cómo va a quedar.	No correcta
5	Paciente		RAE.	aleatoria	Que tiene paciencia.	No correcta
5	Realización		RAE.	aleatoria	Acción y efecto de realizar o realizarse.	Correcta
5	Piloto		RAE.	aleatoria	Persona que gobierna y dirige un buque en la navegación.	No correcta
5	Exigencias		RAE.	aleatoria	Acción y efecto de exigir.	Correcta
5	Metodológicas		RAE.	aleatoria	Perteneciente o relativo a la metodología.	Correcta
5	Percepción		RAE.	aleatoria	Conocimiento de algo a través de los sentidos, como la vista, el oído o el tacto. Ejemplo de uso: Las gafas de sol son muy oscuras y le impiden la percepción correcta del color.	Correcta
5	Subrayado		RAE.	aleatoria	Dicho de una letra, de una palabra o de una frase: Que en lo impreso va en forma distinta de la empleada generalmente en la impresión.	No correcta
5	Coordinadamente		RAE.	aleatoria	Con coordinación.	Correcta
5	Recopilación		RAE.	aleatoria	Compendio, resumen o reducción breve de una obra o un discurso.	No correcta
5	Orientación		EASY	easier	Atracción amorosa o deseo sexual entre personas del mismo sexo, de sexos distintos o por los dos sexos. Es algo duradero o permanente. Ejemplo de uso: La orientación sexual de los heterosexuales es hacia personas de un sexo diferente y la orientación sexual de los homosexuales es hacia personas de un mismo sexo.	No correcta
5	Perciben		EASY	aleatoria	Captar sensaciones o impresiones a través de los sentidos. Ejemplo de uso: Al entrar en la habitación de Celia percibí un olor a jazmín muy agradable.	Correcta
5	Coherentes		EASY	aleatoria	Que tiene sentido en relación con otras cosas. Ejemplo de uso: Pedro no es coherente, porque dice una cosa y luego hace lo contrario.	Correcta
5	Observan		EASY	aleatoria	Mirar algo o a alguien con mucha atención. Ejemplo de uso: Manuel observó un buen rato a una persona extraña en la calle. Manuel creía que podía ser un ladrón.	Correcta
5	Clínica		EASY	aleatoria	Hospital, que suele ser privado, donde los enfermos reciben atención médica. Ejemplo de uso: Luis fue a la clínica a ver a su médico porque le dolía el brazo.	No correcta
5	Enfoque		EASY	aleatoria	Acción y efecto de enfocar.	No correcta
5	Gestores		EASY	easier	Persona que es consciente de sus derechos y obligaciones y toma sus propias decisiones. Ejemplo de uso: Los grupos de autogestores hablan de los problemas de la vida diaria en sus reuniones y proponen cómo pueden gestionarlos de manera independiente.	No correcta
5	Sanitaria		EASY	aleatoria	Perteneciente o relativo a la sanidad. Medidas sanitarias.	Correcta
5	Profesionales		EASY	aleatoria	Perteneciente o relativo a la profesión.	Correcta
5	Recurriendo		RAE.	aleatoria	Acudir a un juez o autoridad con una demanda o petición.	No correcta
5	Comparables		RAE.	aleatoria	Que puede o merece compararse con alguien o algo.	Correcta
5	Estrategia		EASY	aleatoria	Plan para dirigir un asunto y conseguir un objetivo en el futuro. Ejemplo de uso: La estrategia para ganar una partida de ajedrez es fundamental. Tienes que pensar bien antes de mover las piezas.	Correcta
5	Interterritorial		RAE.	aleatoria	Que afecta a varios territorios o se desarrolla entre ellos. Policía interterritorial. Cooperación interterritorial.	Correcta
5	Consenso		EASY	aleatoria	Acto mediante el cual varias partes de un grupo llegan a un acuerdo que agrada a todos. Ejemplo de uso: Los alumnos deciden por consenso que sus clases sean más tarde. Las clases antes empezaban a las 5 y ahora empiezan a las 6.	Correcta
5	Traduce		RAE.	aleatoria	Expresar en una lengua lo que está escrito o se ha expresado antes en otra.	No correcta
5	Normalizadas		RAE.	aleatoria	Regularizar o poner en orden lo que no lo estaba.	Correcta
5	Mortalidad		RAE.	easier	Tasa de muertes producidas en una población durante un tiempo dado, en general o por una causa determinada.	Correcta
5	Accesibilidad		RAE.	aleatoria	Cualidad de accesible.	Correcta
5	Normalización		RAE.	aleatoria	Acción y efecto de normalizar.	Correcta
5	Ingente		RAE.	aleatoria	Muy grande.	Correcta
5	Esencial		RAE.	easier	Bioquím. Dicho de ciertas sustancias o compuestos: Que no pueden sintetizarse en el organismo y por tanto deben ingerirse con la dieta.	No correcta
5	Comparación		RAE.	aleatoria	Acción y efecto de comparar.	Correcta
5	Insistido		RAE.	aleatoria	Instar reiteradamente.	No correcta
5	Intranet		RAE.	easier	Red electrónica de información interna de una empresa o institución.	Correcta
5	Esfuerzos		EASY	aleatoria	Acción de hacer mucha fuerza con la mente o el cuerpo para conseguir algo. Ejemplo de uso: Luis hizo un gran esfuerzo mental. Estudió mucho y consiguió aprobar el examen.	Correcta
5	Estandarización		RAE.	aleatoria	Acción y efecto de estandarizar.	Correcta
5	Tecnológica		RAE.	aleatoria	Perteneciente o relativo a la tecnología.	Correcta
5	Contribución		RAE.	aleatoria	Acción y efecto de contribuir.	Correcta
5	Intercambio		RAE.	aleatoria	Acción y efecto de contribuir.	Correcta
5	Procesamiento		RAE.	easier	Aplicación sistemática de una serie de operaciones sobre un conjunto de datos, generalmente por medio de máquinas, para explotar la información que estos datos representan.	Correcta
5	Eficiencia		EASY	aleatoria	Capacidad para cumplir un objetivo. Lo importante es conseguir los mejores resultados utilizando pocos recursos. Ejemplo de uso: El nuevo empleado demuestra eficiencia. Lleva una semana en la empresa y ya ha ordenado el archivo.	Correcta
5	Sostenibilidad		RAE.	aleatoria	Cualidad de sostenible.	Correcta
5	Significado		RAE.	aleatoria	Conocido, importante, reputado.	No correcta
5	Precisamente		RAE.	aleatoria	De manera precisa. en sent. enfático.	Correcta
5	Garantías		RAE.	aleatoria	Pero este tipo de definiciones tan habituales en la RAE no ayudan a la comprensión de la palabra.	Correcta
5	Sustentado		RAE.	aleatoria	Proveer a alguien del alimento necesario.	No correcta
5	Universalidad		RAE.	aleatoria	Cualidad de universal.	Correcta
5	Financia		RAE.	aleatoria	Aportar el dinero necesario para el funcionamiento de una empresa.	No correcta
5	Recordado		RAE.	easier	Dicho de una persona: Hacer que otra recuerde algo. Recuérdame que compremos leche.	Correcta
5	Pertinencia		RAE.	aleatoria	Cualidad de pertinente.	Correcta
5	Productividad		RAE.	aleatoria	Cualidad de productivo.	Correcta
5	Individual		EASY	aleatoria	Conjunto de ropa y complementos que debe llevar un trabajador para protegerse contra accidentes en su trabajo. Ejemplo de uso: Los bomberos usan un equipo de protección individual muy completo que les da seguridad en el trabajo.	No correcta
5	Colectiva		EASY	aleatoria	Que pertenece a un grupo de personas. Ejemplo de uso: Todos podemos usar el autobús, es un transporte colectivo.	Correcta
5	Actualidad		RAE.	aleatoria	Tiempo presente.	Correcta
5	Repertorio		RAE.	aleatoria	Conjunto de obras teatrales o musicales que una compañía, una orquesta o un intérprete tienen preparadas para su posible representación o ejecución.	No correcta
5	Estadístico		RAE.	easier	Estudio de los datos cuantitativos de la población, de los recursos naturales e industriales, del tráfico o de cualquier otra manifestación de las sociedades humanas.	Correcta
5	Encuestas		RAE.	aleatoria	Interrogar a alguien para una encuesta.	No correcta
5	Periódicamente		EASY	aleatoria	Que pasa cada cierto tiempo. Ejemplo de uso: El revisor del gas pasa periódicamente para comprobar que las instalaciones están bien.	Correcta
5	Hospitalarias		RAE.	aleatoria	Que socorre y alberga a los extranjeros y necesitados.	No correcta
5	Seguimiento		RAE.	aleatoria	Acción y efecto de seguir o seguirse.	Correcta
5	Cohorte		RAE.	aleatoria	Conjunto, número, serie. Cohorte de males.	Correcta
5	Atendemos		EASY	aleatoria	Prestar atención a alguien, mostrar interés en lo que dice o hace. Ejemplo de uso: Luis atiende las explicaciones del profesor.	Correcta
5	Definido		EASY	aleatoria	Explicar con claridad el significado de una palabra, una expresión o una idea. Ejemplo de uso: ¿Puedes definir esta palabra? No la entiendo.	Correcta
5	Herramientas		EASY	aleatoria	Instrumento que sirve para hacer un trabajo con las manos. Ejemplo de uso: Un destornillador es una herramienta.	No correcta
5	Expectativas		EASY	aleatoria	Esperanza o posibilidad de conseguir algo o de que algo vaya a pasar. Ejemplo de uso: Mis expectativas sobre el nuevo trabajo se han cumplido. Los jefes me dan confianza y puedo hacer muchas propuestas.	Correcta
5	Seleccionado		RAE.	aleatoria	El Salv. selección (‖ equipo de jugadores).	No correcta
5	Indicadores		RAE.	aleatoria	Que indica o sirve para indicar.	No correcta
5	Sistemática		RAE.	easier	Que sigue o se ajusta a un sistema.	Correcta
5	Coyunturales		RAE.	aleatoria	Que depende de la coyuntura (‖ combinación de factores y circunstancias).	Correcta
5	Rendimiento		RAE.	aleatoria	Actividad que hacen algunas empresas para conseguir un cambio social y obtener ganancias para las personas que más lo necesitan. Ejemplo de uso: Una empresa dedicada a la lectura fácil es un ejemplo de emprendimiento social.	No correcta
5	Paraguas		RAE.	aleatoria	Utensilio portátil para resguardarse de la lluvia, compuesto de un eje y de un varillaje cubierto de tela u otro material, que puede extenderse y plegarse.	No correcta
5	Autoridad		RAE.	aleatoria	Poder que gobierna o ejerce el mando, de hecho o de derecho.	Correcta
5	Iniciativas		RAE.	aleatoria	Que da principio a algo.	Correcta
5	Internacionales		RAE.	aleatoria	Perteneciente o relativo a dos o más naciones.	Correcta
6	Reunión	0	EASY	easier	Unión o agrupación de varias personas o cosas con una intención determinada. Ejemplo de uso: Tenemos una reunión a las dos para hablar sobre el menú del comedor.	Correcta
6	Empleo	0	RAE.	aleatoria	Acción de emplear.	Correcta
6	Envejecimiento	0	RAE.	aleatoria	Acción y efecto de envejecer o envejecerse.	Correcta
6	Interviniendo	1	RAE.	easier		
6	Digitalización	1	RAE.	aleatoria	Acción y efecto de digitalizar.	Correcta
6	Centrado	0	RAE.	aleatoria	Dicho de un instrumento o de una pieza de máquina: Que tiene el centro en la posición que debe ocupar.	No correcta
6	Planteada	0	RAE.	aleatoria	Tantear, trazar o hacer planta de algo para procurar el acierto en ello.	No correcta
6	Seno	1	RAE.	aleatoria	Concavidad o hueco.	No correcta
6	Importancia	0	RAE.	aleatoria	Cualidad de lo importante, de lo que es muy conveniente o interesante, o de mucha entidad o consecuencia.	Correcta
6	Prolongada	1	RAE.	aleatoria	Más largo que ancho.	No correcta
6	Radica	1	RAE.	aleatoria	Echar raíces, arraigar.	No correcta
6	Plantea	1	RAE.	easier	Establecer o poner en ejecución un sistema, una institución, una reforma, etc.	Correcta
6	Importantes	0	EASY	aleatoria	Que tiene prestigio o categoría social. Ejemplo de uso: Cristina Iglesias es una escultora española importante.	No correcta
6	Incidir	1	RAE.	aleatoria	Caer o incurrir en una falta, un error, un extremo, etc.	No correcta
6	Reducida	1	RAE.	aleatoria	Estrecho, pequeño, limitado.	Correcta
6	Devolver	0	RAE.	aleatoria	Volver algo a su estado anterior. El aire sano le devolvió el color al rostro.	No correcta
6	Inclinado	0	RAE.	aleatoria	Apartar algo de su posición perpendicular a otra cosa o al horizonte.	No correcta
6	Aseverado	1	RAE.	aleatoria	Afirmar o asegurar lo que se dice.	Correcta
6	Introducción	1	RAE.	aleatoria	Acción y efecto de introducir o introducirse.	Correcta
6	Detección	1	RAE.	aleatoria	Acción y efecto de detectar.	Correcta
6	Fragilidad	0	RAE.	aleatoria	Cualidad de frágil.	Correcta
6	Asistencia	0	RAE.	aleatoria	Acción de estar o hallarse presente	No correcta
6	Conseguida	0	EASY	easier	Llegar una persona a tener algo, cumplir un objetivo que desea o ganar algo. Ejemplo de uso: Luis tiene que esforzarse para conseguir ese trabajo.	Correcta
6	Integrar	1	RAE.	easier	Dicho de diversas personas o cosas: Constituir un todo. El equipo lo integran once jugadores.	Correcta
6	Estigma	1	RAE.	aleatoria	Marca o señal en el cuerpo.	No correcta
6	Involucrado	0	RAE.	aleatoria	Abarcar, incluir, comprender.	Correcta
6	Instado	1	RAE.	aleatoria	Insistir en una petición o en que algo se haga rápido. Ejemplo de uso: La directora insta a sus trabajadores a ser puntuales.	Correcta
6	Propiciar	1	RAE.	aleatoria	Favorecer que algo acontezca o se realice.	Correcta
6	Limitando	1	RAE.	easier	Fijar la extensión que pueden tener la autoridad o los derechos y facultades de alguien.	Correcta
6	Coercitivas	1	RAE.	easier	Que sirve para forzar la voluntad o la conducta de alguien.	Correcta
6	Considerado	1	RAE.	easier	Que recibe de los demás muestras repetidas de atención y respeto.	Correcta
6	Prioritario	1	RAE.	aleatoria	Que tiene prioridad respecto de algo.	Correcta
6	Clínicos	1	RAE.	easier	Dicho de un establecimiento sanitario: Ligado, por lo general, a una institución docente y que atiende pacientes de diversas enfermedades en régimen de internado o ambulatorio.	No correcta
6	Mandato	1	RAE.	aleatoria	Orden o precepto que el superior da a los súbditos.	Correcta
6	Transfronteriza	1	RAE.	aleatoria	Que opera por encima de las fronteras. Comercio transfronterizo.	Correcta
6	Secundario	0	RAE.	aleatoria	Segundo en orden y no principal.	Correcta
6	Sinergias	1	EASY	easier	Unión de varias personas, fuerzas o elementos para conseguir un resultado mejor que de forma separada. Ejemplo de uso: Verónica y Soledad movieron juntas una mesa pesada gracias a la sinergia de sus fuerzas.	Correcta
6	Explotación	1	RAE.	aleatoria	Acción y efecto de explotar1.	Correcta
6	Farmacéutica	0	RAE.	aleatoria	Perteneciente o relativo a la farmacia.	Correcta
6	Medicamentos	0	RAE.	aleatoria	Sustancia que, administrada interior o exteriormente a un organismo animal, sirve para prevenir, curar o aliviar la enfermedad y corregir o reparar las secuelas de esta.	Correcta
6	Ministros	0	RAE.	easier	Cada uno de los ministros que componían el tribunal de la Tabla del Consejo.	No correcta
6	Presidido	1	RAE.	aleatoria	Tener el primer puesto o lugar más importante o de más autoridad en una asamblea, corporación, junta, tribunal, acto, empresa, etc.	No correcta
6	Finlandesa	0	RAE.	aleatoria	Natural de Finlandia, país de Europa.	Correcta
6	Planteado	1	RAE.	aleatoria	Tantear, trazar o hacer planta de algo para procurar el acierto en ello.	No correcta
6	Cooperación	1	RAE.	easier	En el derecho comunitario europeo, posibilidad de que varios Estados miembros adopten un régimen de integración más intenso en algunos ámbitos.	Correcta
6	Coordinación	1	RAE.	aleatoria	Acción y efecto de coordinar o coordinarse.	Correcta
6	Proactiva	1	RAE.	aleatoria	Que toma activamente el control y decide qué hacer en cada momento, anticipándose a los acontecimientos. Persona, empresa proactiva.	Correcta
6	Medicamento	0	RAE.	aleatoria	Sustancia que, administrada interior o exteriormente a un organismo animal, sirve para prevenir, curar o aliviar la enfermedad y corregir o reparar las secuelas de esta.	Correcta
6	Abastecimiento	1	RAE.	aleatoria	Acción y efecto de abastecer.	Correcta
6	Procedimiento	1	EASY	easier	Manera de hacer algo que sigue unos pasos. Ejemplo de uso: Debes seguir un procedimiento para solicitar el carné de estudiante. Primero, debes rellenar una hoja con tus datos y dar una foto. Después, debes pagar 3 euros en el banco. En unos días, lo recibes en casa.	Correcta
6	Autorización	1	RAE.	aleatoria	Acción y efecto de autorizar.	Correcta
6	Dispensación	1	RAE.	aleatoria	Acción y efecto de dispensar.	Correcta
6	Fabricación	0	RAE.	aleatoria	Acción y efecto de fabricar.	Correcta
6	Efectiva	1	RAE.	aleatoria	Real y verdadero, en oposición a quimérico, dudoso o nominal.	Correcta
6	Notificación	0	RAE.	aleatoria	Acción y efecto de notificar.	Correcta
6	Desabastecimiento	1	RAE.	aleatoria	Falta de determinados productos en un establecimiento comercial o en una población.	Correcta
6	Falsificados	0	RAE.	aleatoria	Falsear o adulterar algo.	Correcta
7	Patronato	1	EASY	easier	Institución benéfica o de apoyo a un grupo de personas. Ejemplo de uso: La reina es la presidenta de honor del Real Patronato sobre Discapacidad.	Correcta
7	Discapacidad		RAE.	aleatoria	Condición de discapacitado. Percibe una prestación por su discapacidad.	Correcta
7	Categoría	0	RAE.	aleatoria	Cada una de las clases establecidas en una profesión, carrera o actividad.	Correcta
7	Institucional	0	RAE.	aleatoria	Perteneciente o relativo a una institución o a instituciones políticas, religiosas, sociales, etc.	Correcta
7	Otorgado	1	RAE.	aleatoria	Consentir, condescender o conceder algo que se pide o se pregunta.	Correcta
7	Agradecido	0	RAE.	easier	Dicho de una cosa: Que ofrece compensación o responde favorablemente al trabajo o esfuerzo que se le dedica.	No correcta
7	Reconocimiento	1	RAE.	aleatoria	Acción y efecto de reconocer o reconocerse.	Correcta
7	Coincide	0	RAE.	aleatoria	Dicho de una cosa: Convenir con otra, ser conforme con ella.	No correcta
7	Conmemoración	1	RAE.	aleatoria	Acción y efecto de conmemorar.	Correcta
7	Apoyado	0	RAE.	aleatoria	Poner o ponerse una persona o una cosa sobre otra persona o cosa para que una sujete a la otra. Ejemplo de uso: Luis apoyó la cesta de la compra en la mesa porque pesaba mucho.	Correcta
7	Colaboración	1	RAE.	aleatoria	Acción y efecto de colaborar.	Correcta
7	Intervienen	1	RAE.	easier	Dirigir, limitar o suspender el libre ejercicio de actividades o funciones. El Estado de tal país interviene la economía privada o la producción industrial.	Correcta
7	Conseguidos	0	EASY	aleatoria	Llegar una persona a tener algo, cumplir un objetivo que desea o ganar algo. Ejemplo de uso: Luis tiene que esforzarse para conseguir ese trabajo.	Correcta
7	Estratégico	1	EASY	aleatoria	Que es adecuado para un fin concreto. Ejemplo de uso: La tienda de golosinas está en un lugar estratégico. Vende mucho porque está al lado del colegio.	Correcta
7	Convocatoria	1	EASY	aleatoria	Escrito que anuncia el lugar, la hora y el día de una cita o un acto. Ejemplo de uso: ¿Ya ha salido la convocatoria de la oposición?	Correcta
7	Inclusión	1	EASY	aleatoria	Situación en la que una persona disfruta de los mismos derechos que cualquier ciudadano y participa en la sociedad porque está dentro de ella. Ejemplo de uso: Todos debemos defender la inclusión para que todas las personas puedan participar en la sociedad.	Correcta
7	Universitario	0	RAE.	aleatoria	Perteneciente o relativo a la universidad (‖ institución de enseñanza superior).	Correcta
7	Documentación	0	RAE.	aleatoria	Acción y efecto de documentar.	No correcta
7	Bibliográfico	1	RAE.	aleatoria	Perteneciente o relativo a la bibliografía.	Correcta
7	Subtitulado	1	RAE.	aleatoria	Escribir subtítulos.	Correcta
7	Audiodescripción	1	EASY	aleatoria	Servicio de apoyo a la comunicación. Explica a las personas ciegas lo que están haciendo los personajes de una obra de teatro o de una película por ejemplo. Ejemplo de uso: La comedia de las mentiras en el Teatro La Latina es accesible. Tiene audiodescripción.	Correcta
7	Proclama	1	RAE.	aleatoria	Notificación pública. Regularmente hablando de las amonestaciones para quienes quieren casarse u ordenarse.	No correcta
7	Constitución	0	RAE.	easier	Ley fundamental de un Estado, con rango superior al resto de las leyes, que define el régimen de los derechos y libertades de los ciudadanos y delimita los poderes e instituciones de la organización política. Las constituciones americanas. La Constitución española.	Correcta
7	Meramente	1	RAE.	aleatoria	Solamente, simplemente, sin mezcla de otra cosa.	Correcta
7	Convención	1	EASY	easier	Acuerdo importante que un grupo de personas, entidades o países establece sobre un tema o sobre un asunto. Ejemplo de uso: La Convención Internacional sobre los Derechos de las Personas con Discapacidad es un documento que protege los derechos y la dignidad de las personas con discapacidad. Este documento garantiza la plena igualdad de las personas con discapacidad ante la ley.	Correcta
7	Derechos	0	EASY	easier	Son los derechos que tienen todos los seres humanos. Están recogidos en todas las constituciones. Son necesarios para el libre desarrollo de las personas. Los derechos fundamentales son, por ejemplo, el derecho a la igualdad ante la ley, derecho a la huelga, derecho a la libertad de creencias y muchos más. Ejemplo de uso: Quiero que respeten mis derechos fundamentales sin importar mi religión o color de mi piel.	No correcta
7	Discriminar	1	EASY	easier	Dar un trato peor a una persona por tener una discapacidad, ser de otro país o creer cosas diferentes. Ejemplo de uso: Discriminar a las personas con discapacidad intelectual es injusto. Todos somos iguales.	Correcta
7	Reforma	1	RAE.	aleatoria	Acción y efecto de reformar o reformarse.	Correcta
7	Legislación	1	RAE.	easier	Conjunto o cuerpo de leyes por las cuales se gobierna un Estado, o una materia determinada.	Correcta
7	Electoral	0	RAE.	aleatoria	Perteneciente o relativo a la dignidad o a la cualidad de elector.	No correcta
7	Intelectual	0	RAE.	aleatoria	Perteneciente o relativo al entendimiento.	Correcta
7	Restringido	1	EASY	easier	Que tiene limitado o reducido el paso de personas o cosas. Ejemplo de uso: En esa puerta hay un cartel que dice: [UNK] Restringido. Solo personal [UNK]. Las personas que trabajan allí son las únicas que pueden entrar.	Correcta
7	Legislatura	1	RAE.	aleatoria	Tiempo durante el cual funcionan los cuerpos legislativos.	Correcta
7	Promovido	1	EASY	easier	Impulsar una actividad o el logro de algo. Ejemplo de uso: El Gobierno promueve una campaña para que todas las personas mayores estén vacunadas contra la gripe.	Correcta
7	Refiriéndose	1	RAE.	aleatoria	Dar a conocer, de palabra o por escrito, un hecho verdadero o ficticio.	No correcta
7	Disminuidos	0	RAE.	aleatoria	Hacer menor la extensión, la intensidad o el número de algo.	No correcta
7	Redacción	1	RAE.	aleatoria	Acción y efecto de redactar.	Correcta
7	Quedado	0	EASY	aleatoria	Continuar estando algo en algún sitio. Ejemplo de uso: Hay helados en la nevera. Quedan 3.	Correcta
7	Obsoleta	1	EASY	aleatoria	Anticuado, pasado de moda, que ya no se usa en nuestra época. Ejemplo de uso: La máquina de escribir está obsoleta. Ahora escribimos todo con el ordenador.	Correcta
7	Transformada	0	RAE.	aleatoria	Transformar o cambiar algo mudando alguna de sus características.	Correcta
7	Consolidar	1	EASY	aleatoria	Dar firmeza, hacer que algo sea más sólido. Ejemplo de uso: Para consolidar esa parte de la pared debes añadir hormigón.	Correcta
7	Autonomía	0	EASY	aleatoria	Capacidad de una persona o un grupo de personas de actuar por sí mismas y no depender de nada ni de nadie. Ejemplo de uso: Luis sabe conducir. El coche le da autonomía para ir de un sitio a otro.	Correcta
7	Dependencia	0	RAE.	aleatoria	Subordinación a un poder.	No correcta
7	Visibilidad	1	RAE.	aleatoria	Cualidad de visible.	Correcta
7	Innovación	1	EASY	aleatoria	Cambio que incluye novedades en algo. Ejemplo de uso: El teléfono móvil fue una innovación porque antes solo existían los teléfonos fijos.	Correcta
7	Consultas	0	RAE.	easier	Examinar, tratar un asunto con una o varias personas.	Correcta
7	Procesal	1	EASY	aleatoria	Cada uno de los actos jurídicos que se llevan a cabo en un juicio. Todos estos actos forman un conjunto que se llama proceso. Ejemplo de uso: La demanda es un acto procesal dentro de un juicio.	Correcta
7	Conserven	0	EASY	aleatoria	Guardar, mantener, tener una cosa cuidada a lo largo del tiempo. Ejemplo de uso: Luis conservó las fotos de su abuela durante toda su vida.	Correcta
7	Puntuales	0	RAE.	easier	Ocasional, que se produce de manera aislada frente a lo habitual. Acción, carácter, colaboración puntual.	Correcta
7	Requieran	0	RAE.	aleatoria	Intimar, avisar o hacer saber algo con autoridad pública.	No correcta
7	Exclusión	1	RAE.	aleatoria	Acción y efecto de excluir.	Correcta
7	Obstáculos	0	EASY	easier	Estorbo. Objeto o persona que hace difícil el paso o lo impide. Ejemplo de uso: Las escaleras son un obstáculo para las personas en silla de ruedas	No correcta
7	Padecen	1	RAE.	aleatoria	Sentir física y corporalmente un daño, dolor, enfermedad, pena o castigo.	Correcta
7	Vivienda	0	EASY	easier	Lugar construido para que vivan las personas. Ejemplo de uso: Hay muchos tipos de viviendas, como pisos, apartamentos, casas o chalés.	Correcta
7	Sensibilización	0	EASY	easier	Actividad de información sobre un tema para que las personas que lo desconocen puedan conocerlo, entenderlo y sentirlo. Esta actividad pretende conseguir un sentimiento de apoyo. Ejemplo de uso: Muchas asociaciones organizan cursos de sensibilización sobre inmigrantes o personas con discapacidad. En estos cursos, las asociaciones explican las dificultades que viven estas personas.	Correcta
7	Vulnerables	1	EASY	easier	Que puede ser herido o dañado aprovechando su situación personal o física. Ejemplo de uso: Los niños son vulnerables. Tienen pocos medios para defenderse de una agresión.	Correcta
7	Expulse	1	RAE.	aleatoria	Arrojar, lanzar algo.	Correcta
7	Vigilante	0	RAE.	aleatoria	Que vigila.	Correcta
7	Incremento	1	EASY	aleatoria	Crecer o hacer que una cosa aumente o crezca. Ejemplo de uso: Tenemos que incrementar las horas de trabajo.	Correcta
7	Discapacidades	0	RAE.	aleatoria	Condición de discapacitado. Percibe una prestación por su discapacidad.	Correcta
7	Derivados	0	RAE.	aleatoria	Dicho de una cosa: Tener su origen en otra.	Correcta
7	Intensificará	1	RAE.	aleatoria	Hacer que algo adquiera mayor intensidad.	Correcta
7	IRPF	1	RAE.	aleatoria	impuesto sobre la renta de las personas físicas.	Correcta
7	Aborden	1	EASY	aleatoria	Acercarse una persona a otra para hablar o hacer alguna pregunta. Ejemplo de uso: Me abordaron por la calle para preguntarme cómo ir al Museo de Ciencias.	Correcta
8	Orgánica	1	RAE.	easier	Que atañe a la constitución de corporaciones o entidades colectivas o a sus funciones o ejercicios.	No correcta
8	Central	0	RAE.	easier	Que atañe a la constitución de corporaciones o entidades colectivas o a sus funciones o ejercicios.	No correcta
8	Dominio	0	EASY	aleatoria	Definición aleatoria: Poder que tiene una persona sobre otra persona o sobre una cosa. Ejemplo de uso: Pedro tiene mucho dominio sobre su perro. El animal le hace caso.	Correcta
8	Público	0	RAE.	easier	Conjunto de las personas que participan de unas mismas aficiones o con preferencia concurren a determinado lugar. Cada escritor, cada teatro tiene su público.	No correcta
8	Invisibilidad	1	RAE.	aleatoria	Cualidad de invisible.	Correcta
8	Concienciación	1	RAE.	aleatoria	Acción y efecto de concienciar o concienciarse.	Correcta
8	Representar	0	RAE.	aleatoria	Hacer presente algo con palabras o figuras que la imaginación retiene.	Correcta
8	Invisible	1	RAE.	aleatoria	Que no puede ser visto.	Correcta
8	Alteración	1	RAE.	aleatoria	Acción de alterar.	Correcta
8	Impulsado	1	EASY	aleatoria	Empujar algo para que tenga movimiento. Ejemplo de uso: Hay que impulsar el columpio para que se mueva.	No correcta
8	Simultáneamente	1	RAE.	aleatoria	De manera simultánea.	Correcta
8	Presentación	0	RAE.	aleatoria	Acción y efecto de presentar o presentarse.	Correcta
8	Repartidos	1	RAE.	aleatoria	Distribuir algo dividiéndolo en partes.	No correcta
8	Celebrado	1	RAE.	aleatoria	célebre.	No correcta
8	Vicepresidente	0	RAE.	easier	Persona que hace o está facultada para hacer las veces del presidente.	Correcta
8	Secretaria	0	EASY	easier	Funcionario público del Ministerio de [UNK]. Certifica que una persona ha presentado un escrito, un juez ha celebrado un juicio y muchas más. A veces, el secretario judicial puede tomar algunas decisiones sobre los procedimientos para un juicio. Ejemplo de uso: El secretario judicial tiene el escrito que presentó la abogada. Le puso un sello y nos dio una copia.	Correcta
8	Simbología	1	RAE.	easier	Estudio de los símbolos.	Correcta
8	Continuando	0	RAE.	aleatoria	Seguir haciendo lo comenzado.	Correcta
8	Intervención	1	RAE.	aleatoria	Acción y efecto de intervenir.	Correcta
8	Funcionamiento	0	RAE.	aleatoria	Acción y efecto de funcionar.	Correcta
8	Recomendaciones	1	RAE.	aleatoria	Acción y efecto de recomendar.	Correcta
8	Comunidades	0	RAE.	aleatoria	Cualidad de común (‖ que pertenece o se extiende a varios).	No correcta
8	Baremación	1	RAE.	aleatoria	Acción y efecto de establecer un baremo (‖ cuadro gradual para evaluar).	Correcta
8	Baremo	1	RAE.	aleatoria	Cuadro gradual establecido para evaluar los daños derivados de accidentes o enfermedades, o los méritos personales, la solvencia de empresas, etc.	Correcta
8	Adelantado	0	RAE.	easier	Precoz ( [UNK] que desarrolla algunas cualidades antes de lo normal ).	No correcta
8	Quincena	0	EASY	aleatoria	De 15 días. Ejemplo de uso: Las clases duran 15 días, son quincenales.	Correcta
8	Socializar	1	RAE.	aleatoria	Transferir al Estado, o a otro órgano colectivo, algo de propiedad privada, especialmente un servicio o un medio de producción. Socializar la banca.	No correcta
8	Incomprensión	1	RAE.	aleatoria	Falta de comprensión.	Correcta
8	Existencia	1	RAE.	aleatoria	Acto de existir.	Correcta
8	Empoderamiento	1	EASY	easier	Acción de dar poder, hacer fuerte o dar independencia a una persona o a un grupo de personas. Ejemplo de uso: El empoderamiento de las mujeres favorece que existan más directoras, presidentas y diputadas.	Correcta
8	Argumentado	1	RAE.	aleatoria	Aducir, alegar, dar argumentos. y menos c.	Correcta
8	Detecta	1	EASY	aleatoria	Darse cuenta o descubrir algo que es difícil de captar. Ejemplo de uso: Detecto un tono de enfado en tus palabras. ¿Te pasa algo?	Correcta
8	Olvidada	0	RAE.	aleatoria	Que olvida.	Correcta
8	Desconocida	0	RAE.	easier	Ignorado, no conocido de antes.	Correcta
8	Transmite	1	EASY	aleatoria	Dar una información en persona o a través de la radio o la televisión. Ejemplo de uso: La radio transmitió la noticia del accidente.	No correcta
8	Esencia	1	RAE.	easier	Líquido muy oloroso, presente en gran número de familias vegetales, constituido principalmente por hidrocarburos y derivados, y que se utiliza en perfumería.	No correcta
8	Alteraciones	1	RAE.	aleatoria	Acción de alterar.	Correcta
8	Originan	1	RAE.	aleatoria	Ser instrumento, motivo, principio u origen de algo.	Correcta
8	Agregado	1	RAE.	easier	Empleado adscrito a un servicio del cual no es titular.	Correcta
8	Corpulenta	1	RAE.	aleatoria	De gran corpulencia.	Correcta
8	Andrógina	1	EASY	easier	Que los rasgos corporales externos son diferentes a los de su sexo o no son ni los de un hombre ni los de una mujer. Ejemplo de uso: La modelo es andrógina. Algunas veces usa ropa de hombre y otras de mujer.	Correcta
8	Diseñador	0	RAE.	aleatoria	Persona que diseña.	Correcta
8	Acertado	0	RAE.	aleatoria	Que tiene o incluye acierto.	Correcta
8	Usuaria	0	EASY	easier	Que utiliza un servicio o tiene derecho a utilizarlo. Ejemplo de uso: Las personas que tienen en casa una conexión a internet son usuarios de internet.	Correcta
8	Artritis	0	RAE.	easier	Enfermedad crónica de las articulaciones, con inflamación de la membrana sinovial y progresiva deformidad de los huesos, especialmente patente en las manos.	Correcta
8	Inflamación	1	RAE.	easier	Alteración patológica en una parte cualquiera del organismo, caracterizada por trastornos de la circulación de la sangre y, frecuentemente, por aumento de calor, enrojecimiento, hinchazón y dolor.	Correcta
8	Ayudas	0	EASY	aleatoria	Colaborar o apoyar a otra persona para que consiga lo que necesita. Ejemplo de uso: Por suerte, una mujer paró y me ayudó a cambiar la rueda del coche.	Correcta
8	Empatía	1	EASY	aleatoria	Situación en la que una persona se pone en lugar de otra y coincide con sus sentimientos. Ejemplo de uso: Siento mucha empatía con Francisco. Entiendo muy bien por qué tenía miedo a la operación.	Correcta
8	Compartido	0	EASY	easier	Tener algo entre varias personas o usarlo entre todos. Ejemplo de uso: Pablo compartió un vídeo de WhatsApp con todos sus amigos.	Correcta
8	Subvención	1	RAE.	aleatoria	Acción y efecto de subvenir o subvencionar.	No correcta
8	Funcionalidad	1	RAE.	aleatoria	Cualidad de funcional.	Correcta
8	Corporales	0	EASY	aleatoria	Conjunto de movimientos del cuerpo con los que las personas transmiten información sin hablar. Por ejemplo, los gestos o las expresiones de la cara o la postura del cuerpo. Ejemplo de uso: Antonio dice que está contento. Pero su lenguaje corporal dice lo contrario porque tiene la boca apretada y el ceño fruncido.	Correcta
8	Fisiológicos	1	RAE.	aleatoria	Perteneciente o relativo a la fisiología.	Correcta
8	Congénita	1	RAE.	aleatoria	Que se engendra juntamente con algo.	Correcta
8	Adquirida	1	RAE.	aleatoria	Ganar, conseguir con el propio trabajo o industria.	No correcta
8	Renales	1	RAE.	easier	Perteneciente o relativo a los riñones.	Correcta
8	Riñón	0	RAE.	easier	Cada uno de los órganos excretores, generalmente en número par, que filtran la sangre para eliminar los residuos del metabolismo en forma de orina.	Correcta
8	Hepáticas	1	RAE.	easier	Perteneciente o relativo al hígado.	Correcta
8	Hígado	0	RAE.	aleatoria	Víscera voluminosa, propia de los animales vertebrados, que en los mamíferos tiene forma irregular y color rojo oscuro, está situada en la parte anterior y derecha del abdomen y desempeña varias funciones importantes, entre ellas la secreción de la bilis.	Correcta
8	Cardiopatías	1	RAE.	easier	Enfermedad del corazón.	Correcta
8	Pulmones	0	RAE.	aleatoria	Órgano o cada uno de los dos órganos de la respiración del hombre y de los vertebrados que viven o pueden vivir fuera del agua, de estructura esponjosa, blando, flexible, que se comprime y se dilata, y ocupa una parte de la cavidad torácica.	Correcta
8	Enfermedad	0	RAE.	easier	enfermedad producida por la lesión, generalmente tuberculosa, de las glándulas suprarrenales, en la que uno de los trastornos dominantes es el color bronceado de la piel.	No correcta
8	Metabólicas	1	RAE.	aleatoria	Perteneciente o relativo al metabolismo.	Correcta
8	Digestivo	0	RAE.	aleatoria	Dicho de una operación del organismo o de una parte de él: Que atañe a la digestión. Tubo digestivo. Funciones digestivas.	Correcta
8	Linfático	1	RAE.	aleatoria	Perteneciente o relativo a la linfa.	Correcta
8	Hemofilia	1	EASY	easier	Enfermedad que provoca sangrados muy abundantes y difíciles de parar. Es hereditaria, porque pasa de padres a hijos. La madre no padece esta enfermedad, pero puede transmitírsela a sus hijos varones. Ejemplo de uso: Laura tiene hemofilia. Hoy se cortó con un cuchillo mientras cocinaba. Tuvimos que llevarla al médico porque no paraba de sangrar.	Correcta
8	Coagulación	1	RAE.	aleatoria	Acción y efecto de coagular.	Correcta
8	Lupus	1	RAE.	aleatoria	Enfermedad de la piel o de las mucosas, producida por tubérculos que ulceran y destruyen las partes atacadas.	Correcta
8	Inmune	1	RAE.	easier	No atacable por ciertas enfermedades.	Correcta
8	Reumáticas	1	RAE.	aleatoria	Que padece reuma.	Correcta
8	Locomotor	1	EASY	aleatoria	Máquina que arrastra los vagones de un tren por las vías. Funciona con carbón, gas o electricidad. Ejemplo de uso: En el Museo del Ferrocarril hemos visto locomotoras antiguas.	No correcta
8	Cefalea	1	RAE.	aleatoria	Dolor de cabeza.	Correcta
8	Migraña	1	RAE.	aleatoria	jaqueca.	Correcta
8	Alzhéimer	1	RAE.	easier	enfermedad de Alzheimer.	Correcta
8	Párkinson	1	RAE.	easier	enfermedad de [UNK].	No correcta
8	Trastornos	1	RAE.	aleatoria	Acción y efecto de trastornar.	No correcta
8	Fibromialgia	1	RAE.	aleatoria	Enfermedad caracterizada por dolor muscular difuso e intenso, rebelde al tratamiento y de causa desconocida.	Correcta
8	Crónica	0	RAE.	easier	Dicho de una enfermedad: larga.	Correcta
9	Rodearán	0	RAE.	easier	Hacer dar vuelta a algo. No pudo rodear la mula ni a un lado ni a otro.	No correcta
9	Oportunidades	0	EASY	easier	Concepto que considera que todas las personas tienen derecho a disfrutar de las mismas posibilidades para comprar o utilizar algo. Ejemplo de uso: Algunas asociaciones trabajan por la igualdad de oportunidades en el trabajo de las personas con discapacidad intelectual.	Correcta
9	Trayectoria	1	RAE.	aleatoria	Línea descrita en el plano o en el espacio por un cuerpo en movimiento.	No correcta
9	Referente	1	RAE.	aleatoria	Que refiere o que expresa relación a algo.	Correcta
9	Experiencia	0	RAE.	easier	Práctica prolongada que proporciona conocimiento o habilidad para hacer algo.	No correcta
9	Sabiduría	0	RAE.	easier	Grado más alto del conocimiento.	Correcta
9	Destacando	0	EASY	easier	Hacerse notar, ser más visible algo o alguien por alguna característica. Ejemplo de uso: Luis es muy rápido en competiciones de atletismo. Luis ganó la carrera de 100 metros y destacó por el poco tiempo que tardó en realizarla.	Correcta
9	Sociólogo	1	RAE.	aleatoria	Especialista en sociología.	Correcta
9	Residencias	0	RAE.	aleatoria	Dicho de un juez: Tomar cuenta a otro, o a otra persona que ha ejercido cargo público, de algo, especialmente de la conducta que en su desempeño ha observado.	No correcta
9	Adolecen	1	RAE.	aleatoria	Causar dolencia o enfermedad.	No correcta
9	Nórdicos	1	RAE.	easier	Natural del norte de Europa.	Correcta
9	Conferencia	0	EASY	easier	Acto en el que una persona habla, en general de un tema en concreto, para que le escuche mucha gente. Ejemplo de uso: [UNK] Luis dio una conferencia sobre cine.	Correcta
9	Politólogo	1	RAE.	aleatoria	Especialista en politología.	Correcta
9	Mandamientos	1	RAE.	aleatoria	Precepto u orden de un superior a un inferior.	Correcta
9	Cumplimiento	0	RAE.	aleatoria	Acción y efecto de cumplir o cumplirse.	Correcta
9	Responsable	0	EASY	easier	Persona que tiene cuidado en lo que hace y en lo que dice y cumple sus obligaciones. Ejemplo de uso: Puedes encargarle a Virginia el trabajo de ir al juzgado a llevar los papeles. Es una persona muy responsable.	Correcta
9	Alimentación	0	RAE.	aleatoria	Acción y efecto de alimentar o alimentarse.	Correcta
9	Desaparición	0	RAE.	aleatoria	Acción y efecto de desaparecer.	Correcta
9	Aceptación	0	RAE.	aleatoria	Acción y efecto de aceptar.	Correcta
9	Consolidación	1	RAE.	aleatoria	Acción y efecto de consolidar o consolidarse.	Correcta
9	Adopción	0	RAE.	aleatoria	Acción de adoptar.	No correcta
9	Legado	1	EASY	aleatoria	Persona elegida para hablar en nombre de un grupo y representarlo. Ejemplo de uso: El delegado de la clase habla con la directora para buscar soluciones.	No correcta
9	Aparcados	1	EASY	aleatoria	Colocar un vehículo en un lugar. Ejemplo de uso: Luis siempre aparca su coche enfrente de mi casa.	No correcta
9	Activación	0	RAE.	aleatoria	Acción y efecto de activar.	Correcta
9	Continuó	0	RAE.	aleatoria	Seguir haciendo lo comenzado.	Correcta
9	Formación	0	RAE.	aleatoria	Acción y efecto de formar o formarse.	Correcta
9	Pensiones	0	RAE.	aleatoria	Imponer una pensión o un gravamen.	No correcta
9	Intervinieron	1	RAE.	aleatoria	Examinar y censurar las cuentas con autoridad suficiente para ello.	No correcta
9	Geriatra	1	RAE.	aleatoria	Especialista en geriatría.	Correcta
10	Interesadas	0	RAE.	aleatoria	Dar parte a alguien en un negocio o comercio en que pueda tener utilidad o interés.	No correcta
10	Noviembre	0	RAE.	easier	Undécimo mes del año, que tiene 30 días.	Correcta
10	Inscribirse	1	RAE.	aleatoria	Grabar letreros en metal, piedra u otra materia.	No correcta
10	Abordarán	0	EASY	aleatoria	Acercarse una persona a otra para hablar o hacer alguna pregunta. Ejemplo de uso: Me abordaron por la calle para preguntarme cómo ir al Museo de Ciencias.	No correcta
10	Multidisciplinar	1	RAE.	aleatoria	multidisciplinario.	Correcta
10	Afrontan	1	RAE.	aleatoria	Poner cara a cara.	Correcta
10	Jornadas	1	EASY	aleatoria	Día. Ejemplo de uso: El hombre del tiempo dice que va a llover durante toda la jornada.	No correcta
10	Presencial	0	EASY	aleatoria	Perteneciente o relativo a la presencia.	No correcta
10	Identificando	1	RAE.	aleatoria	Hacer que dos o más cosas en realidad distintas aparezcan y se consideren como una misma.	No correcta
10	Características	1	RAE.	aleatoria	Perteneciente o relativo al carácter.	No correcta
10	Consecuencias	0	EASY	aleatoria	Resultado que produce un hecho o una acción. Ejemplo de uso: La consecuencia de tener una mala alimentación es una mala salud.	Correcta
10	Sensibilizar	1	EASY	easier	Hacer que una persona tenga sentimientos de cercanía, compasión o humanidad por algo o por alguien. Ejemplo de uso: La campaña logró sensibilizar a la sociedad contra el racismo.	Correcta
10	Protocolos	1	EASY	aleatoria	Conjunto de reglas que hay que seguir en algunos actos o ceremonias o que indican cómo se trata a algunas personas. Ejemplo de uso: El protocolo de la ceremonia exige que vayas vestido con traje y corbata.	No correcta
10	Contribuyentes	1	RAE.	aleatoria	Que contribuye.	Correcta
10	Declaración	0	EASY	easier	Documento donde una persona indica sus ingresos en un año y calcula los impuestos que debe pagar. También se llama declaración de Hacienda. Ejemplo de uso: En la declaración de la Renta, marqué la [UNK] de la casilla Fines de interés social.	Correcta
10	Renta	0	RAE.	easier	Conjunto de los ingresos derivados de la participación en el proceso productivo durante un año, y referido a una entidad nacional.	Correcta
10	Casilla	0	RAE.	aleatoria	Casa o albergue pequeño y aislado, del guarda de un campo, pasó a nivel, almenara, puerta de jardín, etc.	No correcta
10	Consideradas	0	RAE.	aleatoria	Pensar sobre algo analizándolo con atención. Considera el asunto en todos sus aspectos.	Correcta
10	Ramas	0	RAE.	easier	Serie de personas que traen su origen en el mismo tronco.	No correcta
10	Responsables	0	EASY	aleatoria	Persona que tiene cuidado en lo que hace y en lo que dice y cumple sus obligaciones. Ejemplo de uso: Puedes encargarle a Virginia el trabajo de ir al juzgado a llevar los papeles. Es una persona muy responsable.	No correcta
10	Reflexión	1	RAE.	aleatoria	Acción y efecto de reflexionar.	Correcta
10	Contará	0	RAE.	aleatoria	Numerar o computar las cosas considerándolas como unidades homogéneas. Contar los días, las ovejas.	Correcta
10	Ponencias	1	RAE.	aleatoria	Comunicación o propuesta sobre un tema concreto que se somete al examen y resolución de una asamblea.	No correcta
10	Especialistas	0	RAE.	easier	Dicho de un médico: Que tiene formación específica en una determinada rama médica o quirúrgica. Un médico especialista en aparato digestivo. En el hospital me atendió una especialista en traumatología.	Correcta
10	Maltrato	0	EASY	aleatoria	Tratar a alguien o a algo de malas maneras, con palabras o con hechos. Ejemplo de uso: Luis pegaba a su perro y no le daba de comer. Luis maltrata a su perro.	Correcta
10	Actuación	0	RAE.	aleatoria	Acción y efecto de actuar.	Correcta
10	Tratamiento	1	RAE.	easier	Conjunto de medios que se emplean para curar o aliviar una enfermedad.	No correcta
10	Protección	0	RAE.	easier	Protección que dispensan los representantes diplomáticos o consulares de un Estado ante otro en defensa de los derechos e intereses de sus nacionales.	Correcta
10	Jornada	1	EASY	aleatoria	Día. Ejemplo de uso: El hombre del tiempo dice que va a llover durante toda la jornada.	No correcta
10	Participantes	0	EASY	aleatoria	Persona, equipo o grupo que interviene o toma parte en una actividad. Ejemplo de uso: Todos los participantes recibieron un diploma por competir en la carrera.	Correcta
10	Apartado	0	RAE.	aleatoria	Retirado, distante, remoto.	No correcta
10	Inauguración	0	RAE.	aleatoria	Acto de inaugurar.	Correcta
10	Representación	0	RAE.	aleatoria	Acción y efecto de representar.	Correcta
10	Comprometida	0	RAE.	aleatoria	Que implica riesgo, dificultad o peligro.	No correcta
10	Responsabilidad	0	RAE.	aleatoria	Cualidad de responsable.	Correcta
10	Celebra	1	RAE.	aleatoria	Ensalzar públicamente a un ser sagrado o un hecho solemne, religioso o profano, dedicando uno o más días a su recuerdo. Celebran la Pascua.	Correcta
10	Jurídico	1	RAE.	aleatoria	Que atañe al derecho o se ajusta a él.	Correcta
10	Penal	1	RAE.	aleatoria	Perteneciente o relativo a la pena, o que la incluye.	No correcta
10	Violación	1	RAE.	aleatoria	Acción y efecto de violar.	Correcta
10	Maltratada	0	EASY	aleatoria	Tratar a alguien o a algo de malas maneras, con palabras o con hechos. Ejemplo de uso: Luis pegaba a su perro y no le daba de comer. Luis maltrata a su perro.	Correcta
10	Planteará	1	RAE.	easier	Proponer, suscitar o exponer un problema matemático, un tema, una dificultad o una duda.	Correcta
10	Abordará	1	EASY	aleatoria	Acercarse una persona a otra para hablar o hacer alguna pregunta. Ejemplo de uso: Me abordaron por la calle para preguntarme cómo ir al Museo de Ciencias.	Correcta
10	Legislativas	1	RAE.	aleatoria	Dicho especialmente de un organismo: Que legisla.	Correcta
10	Solucionar	0	RAE.	easier	Hacer que un problema, una duda, una dificultad o algo que los entraña dejen de existir. Han solucionado la avería. Las riñas se solucionan hablando.	Correcta
10	Resistencia	1	RAE.	aleatoria	Acción y efecto de resistir o resistirse.	Correcta
10	Denuncia	0	RAE.	aleatoria	Acción y efecto de denunciar.	Correcta
10	Victima	0	RAE.	aleatoria	Persona o animal sacrificado o destinado al sacrificio.	No correcta
10	Emocionalmente	0	RAE.	aleatoria	En el aspecto emocional (‖ perteneciente a la emoción). Persona emocionalmente estable.	Correcta
10	Maltratador	1	RAE.	aleatoria	Dicho de una persona: Que maltrata.	Correcta
10	Arranque	1	RAE.	aleatoria	Acción y efecto de arrancar.	No correcta
10	Comienza	0	RAE.	aleatoria	empezar (‖ dar principio).	Correcta
10	Formando	0	EASY	aleatoria	Hacer o crear algo que antes no existía. Ejemplo de uso: Tienes que formar una palabra con estas letras: I, D y A.	No correcta
10	Identificación	0	RAE.	aleatoria	Acción y efecto de identificar o identificarse.	Correcta
10	Protocolo	1	EASY	aleatoria	Conjunto de reglas que hay que seguir en algunos actos o ceremonias o que indican cómo se trata a algunas personas. Ejemplo de uso: El protocolo de la ceremonia exige que vayas vestido con traje y corbata.	No correcta
10	Desarrollo	1	EASY	aleatoria	Aumentar o hacer crecer el tamaño de algo. Ejemplo de uso: Pedro desarrolló una gran altura con la edad.	No correcta
10	Publicaciones	0	RAE.	aleatoria	Acción y efecto de publicar.	Correcta
10	Declarada	1	RAE.	aleatoria	Manifiesto, ostensible. Son enemigos declarados.	Correcta
10	Administradas	1	RAE.	aleatoria	Dicho de un ciudadano: Sujeto a las Administraciones públicas.	Correcta
